"B F# C#m G#m E B F# G#m E B F# G#m E B F# G#m E B F# G#m E B F# G#m E B F# G#m E B F# G#m E B F# G#m E B F# G#m E B F# G#m E B F# G#m E B F# G#m E B F# G#m E B F# G#m E B F# G#m E B F# G#m E B F# E G#m E B F# C#m B F# C#m B F# C#m B F# C#m G#m E B F# G#m E B F# G#m E B F# G#m E B F# G#m E B F# G#m E B F# G#m E B F# G#m E B F# G#m E B F# E G#m E B F# C#m B F# C#m B F# C#m B F# C#m B F# C#m B F# C#m B F# C#m B F# C#m B F# C#m B F# C#m B F# C#m B F# C#m"	"(snow) Hey Oh Tab by Red Hot Chili Peppers - E-Chords"	"cifra/idmusica/104312/keyb/true.htm"
"Dm Bb F C Bb Dm Dm Bb F C Bb Dm Bb F C Bb Dm Bb F C Dm Bb C Bb Dm Bb F C Dm Bb F C Dm Bb F C Dm Bb G A Dm Bb F C Bb Dm Dm Bb F C Bb Dm Bb F C Bb Dm Bb F C Bb Dm Bb F C Bb Dm Bb F C Dm Bb F C Dm Bb F C Dm Bb G A Dm F Gm A Dm F Gm A Dm Bb F C Bb Dm Bb F C Bb Dm Bb F C Bb Dm Bb F C Bb Dm Bb F C Dm Bb F C Dm Bb F C Dm Bb G A Dm Bb F Bb Dm"	"21st century Tab by Red Hot Chili Peppers - E-Chords"	"cifra/idmusica/89688/keyb/true.htm"
"C F#dim7 F C C F#dim7 C F#dim7 C F#dim7 F C Eb F C Eb F C C F#dim7 F C C F#dim7 F C Eb F C Eb F C Am G F Ab Am G Bb F Am G F Ab Am G Bb F Eb F C Eb F C"	"A Certain Someone Tab by Red Hot Chili Peppers - E-Chords"	"cifra/idmusica/107815/keyb/true.htm"
"Em Bm G D Em Bm D Em Bm G D Em Bm G D Em Bm G D Em Bm D G Bm Em C Am C G D Em Bm G D Em Bm G D Em Bm G D Em Bm G D Em Bm D G Bm Em C Am C G D G Bm Em C Am C G D Em Bm G D Em Bm D Em Bm G D Em Bm G D Em Bm G D Em Bm D G Bm Em C Am C G D G Bm Em C Am C G D G Bm Em C Am C G D G Bm Em C Am C G D G"	"A Millions Miles Of Water Tab by Red Hot Chili Peppers - E-Chords"	"cifra/idmusica/132110/keyb/true.htm"
"C4/7 C7 C4/7 C7 C4/7 C7 C4/7 C7 C4/7 C7 Gm7 C7 Gm7 C7 Gm7 C7 Gm7 C7 Gm7 C7 Gm7 C7 Gm7 C7 Gm7 C7 Gm7 C7 Gm7 C7 Gm7 C7 Gm7 C7 Gm7 C7 Gm7 C7 Gm7 C7 Gm7 C7 Gm7 C7 Gm7 C7 Gm7 C7 Gm7 C7 Gm7 C7 Gm7 C7 Eb7+ F Gm Eb7+ F Gm7 Eb7+ F Gm7 Eb7+ F Gm7 Gm7 C7 Gm7 C7"	"Aeroplane Tab by Red Hot Chili Peppers - E-Chords"	"cifra/idmusica/10954/keyb/true.htm"
"D G A G D G D G D G G D A G D D A G D Bm Em Bm Em Bm Bm Em D G A G D G D G D G G D A G D D G D Bm Em Bm Em Bm Bm Em D G A G Bm A G D Bm A G D Bm A G D Bm A G Bm A G D Bm A G D Bm A G D Bm A G Bm Em Bm Em Bm Bm Em D G A G"	"Animal bar Tab by Red Hot Chili Peppers - E-Chords"	"cifra/idmusica/92578/keyb/true.htm"
"E E F C Dm F7+ F C Dm F7+ E E"	"Apache Rose Peacock Tab by Red Hot Chili Peppers - E-Chords"	"cifra/idmusica/52183/keyb/true.htm"
"G# Cm Fm Cm G# Cm Fm Cm"	"Around The World Tab by Red Hot Chili Peppers - E-Chords"	"cifra/idmusica/13200/keyb/true.htm"
"D A Bm G D Bm G D Em G D Em C D Bm Em G D C D A Bm G D Bm G D Em G D Em C D Bm Em G D C G D C D A Bm G D Bm G D Em D A Bm G D Bm G D Em"	"Bicycle song Tab by Red Hot Chili Peppers - E-Chords"	"cifra/idmusica/89779/keyb/true.htm"
"G5 Bb5 G5 F5 G#5 D#5 C5 Bb5 G5 F5 G#5 D#5 C5 Bb5 G5 F5 G#5 D#5 C5 Bb5 G5 F5 G#5 D#5 C5 Bb5 G5 F5 G#5 D#5 C5 Bb5 G5 F5 G#5 D#5 C5 Bb5 G5 F5 G#5 D#5 C5 Bb5 G5 F5 G#5 D#5 C5 D#5 C5 F5 C5 Bb5 D#5 C5 F5 C5 Bb5 D#5 C5 F5 C5 Bb5 D#5 C5 F5 C5 B5 C5 Bb5 G5 F5 G#5 D#5 C5 Bb5 G5 F5 G#5 D#5 C5 Bb5 G5 F5 G#5 D#5 C5 D#5 C5 F5 C5 Bb5 D#5 C5 F5 C5 Bb5 D#5 C5 F5 C5 Bb5 D#5 C5 F5 C5 B5 C5 D5 E5 G5 A#5 D5 Bb5 G5 F5 G#5 D#5 C5 Bb5 G5 F5 G#5 D#5 C5 C5 C5 D#5 C5 F5 C5 Bb5 D#5 C5 F5 C5 Bb5 D#5 C5 F5 C5 Bb5 D#5 C5 F5 C5 B5"	"Body Of Water Tab by Red Hot Chili Peppers - E-Chords"	"cifra/idmusica/132173/keyb/true.htm"
"C#m7 B A Bsus4 Amaj7 E F#m Bsus4 E G#m F#m G#m C#m7 F#m A D A E G#m F#m G#m C#m7 F#m A E C#m7 B A C#m7 B A B B4 B A Bsus4 B Amaj7 E F#m Bsus4 C#m7 B A C#m7 B A B B4 B A Bsus4 B Amaj7 E F#m Bsus4 C#m7 B A B C#m7 B A B C#m7 D C#m7 A Bsus4 B Amaj7 E F#m Bsus4 Amaj7 E F#m Bsus4 Amaj7 E F#m Bsus4 E"	"Brandy (You're a Fine Girl) Tab by Red Hot Chili Peppers - E-Chords"	"cifra/idmusica/41075/keyb/true.htm"
"A B/A C/A D/A A A B/A C/A D/A A A B/A C/A D/A A A B/A C/A D/A A A B/A C/A D/A A C G Am C G F7M Am Am/B C C/D E Am Am/B C C/D F7M Am Am/B C C/D E Am Am/B C C/D F7M A B/A C/A D/A A A B/A C/A D/A A A B/A C/A D/A A A B/A C/A D/A A C G Am C G F7M Am Bm/A Am Bm/A"	"Breaking The Girl Tab by Red Hot Chili Peppers - E-Chords"	"cifra/idmusica/6428/keyb/true.htm"
"F C A F C Am F C Am F C Am D F C Am F C Am Bb D F C Am F C Am F C Am (D) F C Am Bb F C Am F C Am F C Am D F C Am Bb F C Am F C Am F C Am D F C Am Bb"	"By the way Tab by Red Hot Chili Peppers - E-Chords"	"cifra/idmusica/10555/keyb/true.htm"
"F C A F C A F C A D F C Dm F C Am Bb D Dm F C A F C A F C A F C Am Bb F C A F C A F C A F C Am F C Dm F C Am Bb"	"By The Way (ver. 2) Tab by Red Hot Chili Peppers - E-Chords"	"cifra/idmusica/43839/keyb/true.htm"
"Em G D Em C Em G D Em C Em G D Em C G D Em C Em Am C G D Am C G D B Em Bm Em Bm Em G D Em C Em G D Em C Em G D Em C Em G D Em C Em Am C G D Am C G D B Em G D Em C Am C G D Am C G D B Em"	"C'mon girl Tab by Red Hot Chili Peppers - E-Chords"	"cifra/idmusica/96868/keyb/true.htm"
"D Bm7 D Bm7 D Bm7 D Bm7 D Bm7 G A D Bm D Bm G A D Bm D Bm G A G A D Bm7 D Bm7 D Bm7 D Bm7 D Bm7 G A D Bm D Bm G A D Bm D Bm G A G A D Bm7 G A G A D Bm7 D Bm D Bm D Bm D Bm D Bm7"	"Cabron Tab by Red Hot Chili Peppers - E-Chords"	"cifra/idmusica/10198/keyb/true.htm"
"Am9 F Am F Am F Am9 G F Am9 G F C G F Dm Am9 F Am9 G F Am9 G F C G F Dm Am F Am9 G F Am9 G F Am9 F Am9 F C G F C G Dm Am9 F Am9 G F Am9 G F C G F Dm Am9 F Am9 G F Am9 G F C G F Dm Am9 F Am9 G F Am9 G F C G F C G Dm C G F C G Dm Am9 F Am9 G F Am9 G F C G F Dm C G F C G Dm Am9 F Am9 G F Am9 G F C G F C G Dm C G F C G Dm Am9 F"	"Californication Tab by Red Hot Chili Peppers - E-Chords"	"cifra/idmusica/5663/keyb/true.htm"
"Em C Em C Em C G D C Am Em C Em C Em C G D C Am Em C Em C Em C Em C Em C G D C G D Am {Em C Em C Em C G D C Am Em C Em C Em C G D C Am Em C Em C Em C G D C G D Am G D C G D Am Em C Em C Em C G D C Am G D C G D Am Em C Em C Em C G D C G D Am G D C G D Am Em C"	"Californication (ver. 2) Tab by Red Hot Chili Peppers - E-Chords"	"cifra/idmusica/25773/keyb/true.htm"
"Am C G F D C G F Dm Am F Am F Am F Am F C G Dm Am C G Dm Am C G F Dm C G F Dm Am F Am F Am F Am F Am F C G Dm Am C G Dm Am C G Dm C G Dm C G F Dm Am F Am F Am F F Am F Am F C G Dm Am C G Dm Am C G Dm Am C G Dm"	"Californication (ver. 3) Tab by Red Hot Chili Peppers - E-Chords"	"cifra/idmusica/25774/keyb/true.htm"
"Am F C G F Am F C G F Am F F Am F Am F C G F Am F Am F C G F Am F Am F Am F Am F C G F C G F Am F Am F C G F Am F Am F C G F Am F Am F Am F Am F C F Am F Am F"	"Californication 0 Tab by Red Hot Chili Peppers - E-Chords"	"cifra/idmusica/132177/keyb/true.htm"
"Am F Am F Am F C G F G Am F Am F Am F C G F G Am F7+ Am F7+ Am F7+ Am F7+ Am F7+ C G Dm Am C G Dm C G Dm Am C G Dm Am F Am F Am F C G F G Am F Am F Am F C G F G Am F7+ Am F7+ Am F7+ Am F7+ Am F7+ C G Dm Am C G Dm C G Dm Am C G Dm Fm Bm D Fm Bm D Am F Am F Am F C G F G Am F7+ Am F7+ Am F Am F7+ Am F7+ C G Dm Am C G Dm C G Dm Am C G Dm"	"Californication 1 Tab by Red Hot Chili Peppers - E-Chords"	"cifra/idmusica/132178/keyb/true.htm"
"Am F Am F Am F Am F C G F Dm Am F Am F C G F Dm Am F Am F Am F Am F Am F Am F C G Dm Am C G Dm Am Am F Am F C G F Dm Am F Am F C G F Dm Am F Am F Am F Am F Am F Am F C G Dm Am C G Dm Am C G C G F#m D F#m D B D A E F#m D F#m D B D A E B D A E B D A E B D A E Am F Am F C G F Dm Am F Am F Am F Am F Am F Am F C G Dm Am C G Dm Am C G C G"	"Californication Ver. Facil Tab by Red Hot Chili Peppers - E-Chords"	"cifra/idmusica/128872/keyb/true.htm"
"Em D B C Em D B C G D Bm C G D Bm C G D Bm C G D Em D Bm C Em D Bm Em D Bm C Em D Bm C"	"Can't Stop Tab by Red Hot Chili Peppers - E-Chords"	"cifra/idmusica/5838/keyb/true.htm"
"Em Em D Bm C Em D Bm C Em D Bm C Em D Bm C Bm C G D Bm C Bm G D Bm C Em D Bm C Em D Bm C Em D Bm C G D Bm C G D Bm C G D Bm C G D Bm C Em D Bm C Em D Bm C Em D Bm C Em D Bm C Em D Bm C Em D Bm C Em D Bm C Em D Bm C Em D Bm C Em D Bm C"	"Can´t Stop (ver. 2) Tab by Red Hot Chili Peppers - E-Chords"	"cifra/idmusica/60441/keyb/true.htm"
"Gm Gm Gm Cm Eb Bb Gm Cm Eb Bb F Cm Eb Bb Gm Cm F D Gm Gm Eb F Gm Eb F Gm Eb F Gm Eb F Gm Eb F Gm Eb F Gm Eb F Gm"	"Charlie Tab by Red Hot Chili Peppers - E-Chords"	"cifra/idmusica/91274/keyb/true.htm"
"Am G Dm Am G Dm F5 C5 D5 Am G Dm F5 C5 D5 Bm G F# F5 C5 D5 F5 C5 D5 F5 C5 D5"	"Dani california Tab by Red Hot Chili Peppers - E-Chords"	"cifra/idmusica/88155/keyb/true.htm"
"Am G Dm Am Am G Dm Am G Dm Am G Dm Am Am G Dm Am G Dm Am G Dm Am G Dm Am G Dm Dm F C Dm F C Dm F C Dm Am F C Dm Am G Dm Am Am G Dm Am G Dm Am G Dm Am G Dm Bm G D A Bm G D A Bm G D A Bm G D Am G Dm Am G Dm Am G Dm Am G Dm E F C Dm"	"Dani california (ver. 2) Tab by Red Hot Chili Peppers - E-Chords"	"cifra/idmusica/96867/keyb/true.htm"
"A G D A A G D A A G D A A G D A A G D A A G D A A G D A A G D F C Dm F C Dm F C Dm F C Dm A G D A A G D A A G D A A G D"	"Dani California! Tab by Red Hot Chili Peppers - E-Chords"	"cifra/idmusica/92380/keyb/true.htm"
"Am G Dm Am Am G Dm Am Am G Dm Am Am G Dm Am Am G Dm Am Am G Dm Am Am G Dm Am Am G Dm Am Am G Dm F C Dm F C Dm F C Dm F C Dm Am G Dm Am Am G Dm Am Am G Dm Am Am G Dm Am Am G Dm F C Dm F C Dm F C Dm F C Dm Am G Dm Am Am G Dm Am Am G Dm Am Am G Dm Am Am G Dm Am Am G Dm Am Am G Dm Am Am G Dm Bm F C Dm F C Dm F C Dm F C Dm F C Dm F C Dm F C Dm F C Dm"	"Dani California-completa Tab by Red Hot Chili Peppers - E-Chords"	"cifra/idmusica/92934/keyb/true.htm"
"Cm Bb Cm D# A# Cm Bb Cm D# A# G G Cm Bb G# G Cm Bb G# G Cm Bb G# G Cm Bb G# G G Cm G# D# A#"	"Death of a martian Tab by Red Hot Chili Peppers - E-Chords"	"cifra/idmusica/91873/keyb/true.htm"
"Gm Dm Gm Bb F Gm Dm Gm Bb F Gm Dm Gm Bb F D Gm Bb Eb D Gm Bb Eb D Gm Bb Eb D Gm Bb Eb D Gm Dm Gm Bb F Gm Dm Gm Bb F D"	"Death of a martian (ver. 2) Tab by Red Hot Chili Peppers - E-Chords"	"cifra/idmusica/98640/keyb/true.htm"
"G F# A G# F# A G# F# F# A G# F# F# F# A G F# A G# F# G# A A G# F# F# A G# F# F# G F# B Bb G# A G# F# F# A G# F# F#"	"Deep cuts in the soul Tab by Red Hot Chili Peppers - E-Chords"	"cifra/idmusica/86271/keyb/true.htm"
"C#m/G# C#m/G# E Eb C#m/G# C#m/G# E E Em D C Em D C Em D C Em D C Em D C Em D C Em D C Em D C Em D C Em D C Em D C Em D C Em D A E E D A E E D A E E D A Em D C Em D C Em D C Em D C Em D C Em D C A Em D C Em D C Em D C Em D C Em D A E E D A E E D A E E D A C G E C G E C G E C G E C G E C Em Em D C Em D C Em D C Em D C Em D C Em D C Em D A E E D A E E D A E E D A C#m/G# C#m/G# E E C#m/G# C#m/G# E E"	"Desecrarion Smile Tab by Red Hot Chili Peppers - E-Chords"	"cifra/idmusica/97065/keyb/true.htm"
"C#m E C#m Em D C Em D C Em D C Em D C Em D C Em D C Em D C Em D C Em D C Em D C G Am Em D C Em D C G Am Em D C Em D C Em D C Em D C Em D C Em D C Em D C Em D C Em D C Em D C G Am Em D C Em D C G Am Em D C Em D C B C B C B C B C Em B C B C B C B C Em D C Em D C Em D C Em D C Em D C Em D C G Am Em D C Em D C G Am Em D C Em D C G Am C#m E C#m Em"	"desecration smile Tab by Red Hot Chili Peppers - E-Chords"	"cifra/idmusica/90137/keyb/true.htm"
"Am F C G Am F C G Am F C G Am F C G Am F C G Am F C G Am F C G Am F C G Am F C G Am F C G Am F C G Am C G Am F C G Am F C G Am F C G"	"Don't Forget Me Tab by Red Hot Chili Peppers - E-Chords"	"cifra/idmusica/10904/keyb/true.htm"
"Am6 F6 C6 G6 Am6 F6 C6 G6 Am6 F6 C6 G6 Am6 F6 C6 G6 Am6 F6 C6 G6 Am6 F6 C6 G6 Am6 F6 C6 G6 Am6 F6 C6 G6 Am6 F6 C6 G6 Am6 F6 C6 G6 Am6 F6 C6 G6"	"Don't forget me ( ver. 2) Tab by Red Hot Chili Peppers - E-Chords"	"cifra/idmusica/97386/keyb/true.htm"
"C9 D Em C9 D Bm Em C9 D Bm Em C9 D Bm Em C9 D Em C9 D Em C9 D Em C9 D Bm Em C9 D Bm Em C9 D Bm Em C9 D Em C9 D Em G D Em C9 G D Em C G D Em C9 G D Em C9 C9 D Bm Em C9 D Bm Em C9 D Bm Em C9 D Em C9 D Em C9 D Em C9 D Em G D Em C9 G D Em C9 G D Em C9 G D Em C9 C9 D Em C9 D Bm Em C9 D Bm Em C9 D Bm Em C9 D Em C9 D Em C9 D Em G D Em C9 G D Em C9 G D Em C9 G D Em C9"	"Dosed Tab by Red Hot Chili Peppers - E-Chords"	"cifra/idmusica/10369/keyb/true.htm"
"Am Dm F Am Dm F Am Dm F Am Dm F Am C G F C G F Am G F Am G F Am Dm F Am Dm F Am Am Dm F Am Dm F Am C G F C G F Am G F Am G F C G F C G F Dm G F Dm G F Am Dm F Am Am Dm F Am Dm F Am C G F C G F Am G F A G F C G F C G F Am G F Am G F Am G F"	"Easily Tab by Red Hot Chili Peppers - E-Chords"	"cifra/idmusica/10966/keyb/true.htm"
"Am D5 F G Am Am D5 F G Am D5 F G Am D5 F G Am D5 F G Am C G F C G F Am G F Am G F Am D5 F G Am D5 F G Am D5 F G Am D5 F Am C G F C G G F Am G F Am G F C G F C G F Am G F Am G F Am D5 F G Am D5 F Am C G F C G F Am G F Am G F C G F C G F Am G F Am G F C G F Am G F"	"Easily (versao melhor) Tab by Red Hot Chili Peppers - E-Chords"	"cifra/idmusica/47485/keyb/true.htm"
"F#m A E D F#m A B F#m A E B F#m E B F#m A E F#m A B F#m A E B F#m E B F#m A E A E F#m D A E F#m D F#m A E B F#m A B A F#m A E B F#m A E B F#m A E B F#m F#m A E B F#m A E B A E F#m D A E F#m D F#m A E C# F#m A E C# F#m A E B F#m A E B F#m A E B"	"Especially in michigan Tab by Red Hot Chili Peppers - E-Chords"	"cifra/idmusica/93480/keyb/true.htm"
"A# Gm D# F A# Gm D# F A# D# A# A# Gm D# F A# Gm D# F A# D# A# D# A# D#"	"Faixa 4 dvd at slane castle(Maybe de John Frusciante) Tab by Red Hot Chili Peppers - E-Chords"	"cifra/idmusica/77578/keyb/true.htm"
"B5 D5 A5 D5 A5 D5 A5 D5 A5 D5 A5 B5 G5 D5 A5 B5 G5 D5 A5 D5 A5 D5 A5 B5 G5 D5 A5 B5 G5 D5 A5 B5 G5 D5 A5 B5 G5"	"Fortune Faded (ver. 2) Tab by Red Hot Chili Peppers - E-Chords"	"cifra/idmusica/43840/keyb/true.htm"
"A C"	"Give It Away Tab by Red Hot Chili Peppers - E-Chords"	"cifra/idmusica/10932/keyb/true.htm"
"Em Bm Em Bm Em Bm Em Em Bm C G D Em C G D Em C G D Em C G D Em Em Bm Em Em Bm C C G D Em C G D Em C G D Em C G D Em Bm Em Bm C G D Em C G D Em C G D Em C G D C G D C G D C G D C G D Em Em Bm Em Bm C G D Em C G D Em C G D Em C G D Em"	"Hard to concentrate Tab by Red Hot Chili Peppers - E-Chords"	"cifra/idmusica/91243/keyb/true.htm"
"Bm G F# Bm G F# Bm G A F# Bm G A F# G F# G F# Bm G F# Bm G F# Bm G A F# Bm G A F# G F# G F# Bm G F# Bm G F# Bm D A Bm D A Bm D A Bm D A Bm G A F# Bm G A F# G F# G F# Bm G F# Bm G F# Bm D A Bm D A Bm D A Bm D A Bm G A F# Bm G A F# G F# G F# Bm G F# Bm G F# Bm"	"Havana Affair Tab by Red Hot Chili Peppers - E-Chords"	"cifra/idmusica/10982/keyb/true.htm"
"Em G A Em G A F#m A B F#m A B F#m A B F#m A B Em G A Em G A A Em Em7 A Em Em7 A Em Em7 F#m B7 Em G A Em G A"	"Higher Ground Tab by Red Hot Chili Peppers - E-Chords"	"cifra/idmusica/10911/keyb/true.htm"
"G D7 D7 D7 Dm Bb Gm A7 Dm Bb A7 Gm A7 D7 D7 D7 Dm Bb Gm A7 Dm Bb A7 Gm A7 D7 Dm Bb A7 Gm A7 Dm Bb Gm A7 Dm Bb A7 Gm A7 Dm Bb A7 Gm A7 D7"	"Hump de Bump Tab by Red Hot Chili Peppers - E-Chords"	"cifra/idmusica/90924/keyb/true.htm"
"A E F#m F#m C# F#m C# A Bm A Bm A E Bm F#m A E Bm A E F#m C# F#m C# A Bm A Bm C# D C# D E D E D A E Bm F#m A E Bm C# F#m C# D E E D E D A E Bm F#m A E Bm"	"I Could Die For You Tab by Red Hot Chili Peppers - E-Chords"	"cifra/idmusica/10905/keyb/true.htm"
"Bm A G Bm A G Bm A G Bm Bm A G Bm A G Bm D A9 G Bm A G Bm Bm A G Bm A G Bm A G Bm A G Bm D A9 G Bm A G Em G D C Em G D C9 Em D C Bm A G Bm A G Bm A G Bm"	"I Could Have Lied Tab by Red Hot Chili Peppers - E-Chords"	"cifra/idmusica/10926/keyb/true.htm"
"A D E A D E A D E A A D E A E A E A F G A F G A A D E A D E A A D E A E A E A E A E A F G A F G A F E F E F E D F D F D F D F D"	"If Tab by Red Hot Chili Peppers - E-Chords"	"cifra/idmusica/91252/keyb/true.htm"
"Am G C F G E Am C F G E Am C F E Am G E F G Am G E F G Am C F G E Am C F G E Am C G Am C F G E Am G E Am C F G E Am C G E Am C Am C F G E Am E G Am C E"	"If you want me to stay Tab by Red Hot Chili Peppers - E-Chords"	"cifra/idmusica/97361/keyb/true.htm"
"Dm Am7 Gm7 Dm C Bb Dm Am7 Gm7 A5 Bb Em7 Bm7 Am7 Em7 D C Em7 Bm7 Am7 B5 C D5 C5 D5 C5 Am Em Em D5 C5 D5 C5 Am Em Em Dm Am7 Gm7 Dm C Bb Dm Am7 Gm7 Dm C Bb Dm Am7 Gm7 A5 Bb Em7 Bm7 Am7 C#m7 G#m7 F#m7 Em7 Bm7 Am7 C#m7 G#m7 F#m7 D5 C5 D5 C5 Am Em Em D5 C5 D5 C5 Am Em Em Bb5 G5 G/Bb F5 C5 Bb5 A5 F A5 F G5 F A D5 C5 D5 C5 Am Em Em D5 C5 D5 C5 Am Em Em D5 C5 D5 C5 Am Em Em D5 C5 D5 C5 Am Em Em F#5 E5 F#5 E5 C#m G#m E B F#5 E5 F#5 E5 C#m G#m E B C#m E B C#m E B C#m E B C#m E B"	"Knock Me Down Tab by Red Hot Chili Peppers - E-Chords"	"cifra/idmusica/5674/keyb/true.htm"
"Am C Dm Am Am C Dm Am Am C Dm Am Am C Dm Am Am C Dm Am Dm F Am Dm F Am Dm F Am Dm F Am C Dm Am Am C Dm Am Am C Dm Am Am C Dm Am Am C Dm Am Dm F Am Dm F Am Dm F Am Dm F E F Am Asus4 F Am Asus4 F Am Asus4 F Am Asus4 F Am Asus4 Am C Dm Am Am C Dm Am Am C Dm Am Am C Dm Am Am C Dm Am Dm F Am Dm F Am Dm F Am Dm F E F Am Asus4 F Am Asus4 F Am Asus4 F Am Asus4 F Am Asus4 Am C Dm Am Am C Dm Am Am C Dm Am Am C Dm Am"	"Lately Tab by Red Hot Chili Peppers - E-Chords"	"cifra/idmusica/147473/keyb/true.htm"
"A F G D"	"Make you feel better Tab by Red Hot Chili Peppers - E-Chords"	"cifra/idmusica/91246/keyb/true.htm"
"Em Bm C G Em Bm C G Em Em Bm C G Em Bm C G Em Bm C G Em Bm C G Em Em Bm C G Em Bm C G Em Bm C G Em Bm C G G D Em C G D Em G D Em C G D Em C Em Bm C G Em Bm C G Em Em Bm C G Em Bm C G Em Bm C G G D Em C G D Em C D Em Am D Em Bm C G Em Bm C G Em Em Bm C G Em Bm C G Em Bm C G"	"Make you feel better (ver. 2) Tab by Red Hot Chili Peppers - E-Chords"	"cifra/idmusica/97359/keyb/true.htm"
"Bb Gm Eb F Bb Gm Eb F Bb Eb Bb Bb Gm Eb F Bb Gm Eb F Bb Eb Bb Bb Eb Bb"	"Maybe Tab by Red Hot Chili Peppers - E-Chords"	"cifra/idmusica/50211/keyb/true.htm"
"B7 B Bb A B7"	"Mellowship Slinky In B Major Tab by Red Hot Chili Peppers - E-Chords"	"cifra/idmusica/10929/keyb/true.htm"
"C G D A(3x) C G D F#m D F#m D F#m D Bm D Bm D F#m D F#m D Bm D Bm D A E F C A E F C G D A C G D A C G D A C G D D4 F#m D F#m D Bm D Bm D F#m D F#m D Bm D Bm D A E F C A E F C G D A C G D A C G D A C G D D4 A E F C A E F A E F C A E F C G D A C G D A C G D A C G D D4 Am"	"Midnight Tab by Red Hot Chili Peppers - E-Chords"	"cifra/idmusica/10906/keyb/true.htm"
"F#m C#m D F#m C D C#m D F#m C#m D F#m D A E D F#m E D F#m C#m D F#m C#m D F#m C#m D F#m D A E D F#m E D"	"Minor Tab by Red Hot Chili Peppers - E-Chords"	"cifra/idmusica/58575/keyb/true.htm"
"F#m D F#m D F#m C D D D9 F#m D D9 F#m D A E D A E D F#m F#m D F#m D D9 F#m D D9 F#m D A E D A E D F#m F#m D F#m D F#m C D D D9 F#m D D9 F#m D F#m D E F#m E F#m E F#m E F#m E F#m E F#m E F#m"	"Minor Thing Tab by Red Hot Chili Peppers - E-Chords"	"cifra/idmusica/10909/keyb/true.htm"
"D C6 G C Asus2 A Csus2 E F# F B D C6 G C D C6 G C D C6 G C D C6 G C D C6 G C C Am C Bm A C Am C Bm A E G F# F C B F F"	"My Friends Tab by Red Hot Chili Peppers - E-Chords"	"cifra/idmusica/5682/keyb/true.htm"
"D9 G/B D G D G D G D G D F G C F G C D F G C C Am C D A C Am C D A D F G C D F G C D F G C C Am C D A C Am C D A D F G C E G F# F C B F D F G C D F G C D F G C C Am C D A C Am C D A D F G C"	"My Friends (ver. 2) Tab by Red Hot Chili Peppers - E-Chords"	"cifra/idmusica/52212/keyb/true.htm"
"Bm G A F# Bm G A F# Bm G A F# Bm G A F# Bm G A F# G F# G F# Bm D A G Bm D A G Bm D A G Bm D A F# Bm G A F# G F#"	"On Mercury Tab by Red Hot Chili Peppers - E-Chords"	"cifra/idmusica/10554/keyb/true.htm"
"D B D B D D C A B D B D B C A B D B C A B B A B7 A B A B7 A B A B7 A B A D B D B C A B D B D B C A B B A B7 A B A B7 A B A B7 A B A"	"One Hot Minute Tab by Red Hot Chili Peppers - E-Chords"	"cifra/idmusica/27307/keyb/true.htm"
"Am F C G Am F C G F F5 C5 G5 A5 F5 C5 G5 Am Em Am Em Am Em G A Am Em Am Em Am Em G Am G Am G A A5 F5 C5 G5 A5 F5 C5 G5 A5 F5 C5 G5 Am Em Am Em Am Em G Am Am Em Am Em Am Em G Am G Am G A A5 F5 C5 G5 A5 F5 C5 G5 A5 F5 C5 G5 Am Em Am Em Am Em Am Em A5 F5 C5 G5 A5 F5 C5 G5 A5 F5 C5 G5 A5 F5 C5 G5 A5 F5 C5 G5 A5"	"Otherside Tab by Red Hot Chili Peppers - E-Chords"	"cifra/idmusica/5665/keyb/true.htm"
"Am F C G Am F C G Am F C G Am F C G Am Em Am Em Am Em G Am Am Em Am Em Am Em G Am G Am G Am Am F C G Am F C G Am F C G Am Em Am Em Am Em G Am Am Em Am Em Am Em G Am G Am G Am Am F C G Am F C G Am F C G Am Em Am Em Am Em Am Em Am F C G Am F C G Am F C G Am F C G Am F C G Am"	"Otherside (ver. 2) Tab by Red Hot Chili Peppers - E-Chords"	"cifra/idmusica/25791/keyb/true.htm"
"Cm Bb Dm Eb G Cm Bb Dm Eb G Cm Bb Dm Eb Cm Bb C#9 Gm Cm Bb C#9 Gm Cm Bb Dm Eb G Cm Bb Dm Eb G Cm Bb Dm Eb G"	"Parallel Universe Tab by Red Hot Chili Peppers - E-Chords"	"cifra/idmusica/10962/keyb/true.htm"
"Cm Bb Dm Eb C4 G Cm Bb Dm Eb C4 G Cm Bb Dm Eb C4 G Cm G# G Cm G# G Cm Bb Dm Eb C4 G Cm Bb Dm Eb C4 G Cm G# Fm Cm Bb Dm Eb C4 G Cm Bb Dm Bb C4 G"	"Parallel Universe (ver. 2) Tab by Red Hot Chili Peppers - E-Chords"	"cifra/idmusica/51384/keyb/true.htm"
"F# A E F#"	"Pea. Tab by Red Hot Chili Peppers - E-Chords"	"cifra/idmusica/52709/keyb/true.htm"
"C F C F C F Am C F Dm Am C Dm C Dm Am C G G Am C"	"Porcelain Tab by Red Hot Chili Peppers - E-Chords"	"cifra/idmusica/10968/keyb/true.htm"
"Em Em Em7 Em7 Em G A Em G A Em Em Em7 Em7 Em G A Em G A Em Em Em7 Em7"	"Readymade Tab by Red Hot Chili Peppers - E-Chords"	"cifra/idmusica/99422/keyb/true.htm"
"C#m A C#m E B F#m C#m E B F#m C#m E B F#m C#m E B F#m C#m E B F#m C#m E B F#m C#m E B F#m"	"Right On Time Tab by Red Hot Chili Peppers - E-Chords"	"cifra/idmusica/10977/keyb/true.htm"
"Em C B Em C B Em C B Em C B Em C B Em C B Em C B Em C B Em C B Em C B Am Bm C G/D Am Bm C G/D Em C B Em C B Em C B Em C B Em C B Em C B Am Bm C G/D Am Bm C G/D Em A C D B7 Em C B Em C B Em C B Em C B Am Bm C G/D Am Bm C G/D Am Bm C G/D Em"	"Road Trippin' Tab by Red Hot Chili Peppers - E-Chords"	"cifra/idmusica/50286/keyb/true.htm"
"E G C G Am C G Am C G Am C G Am Em7 Eb C Em7 Eb C Em7 Em7 Eb C"	"Rolling Sly Stone. Tab by Red Hot Chili Peppers - E-Chords"	"cifra/idmusica/52731/keyb/true.htm"
"Em G C D G C F C Dm F G C F F C Dm Em Am G Em Am G"	"Runaway Tab by Red Hot Chili Peppers - E-Chords"	"cifra/idmusica/152006/keyb/true.htm"
"Gm Bb D Gm Bb D Gm Bb D Gm Bb D Gm Bb D Gm Bb D Gm Bb D Gm Bb D Gm Bb Gm Bb Ab Cm D7 D7 Bb F Gm Gm Bb D Gm Bb D Gm Bb D Gm Bb D Gm Bb D Gm Bb D Gm Bb D Gm Bb D Gm Bb Gm Bb Ab Cm D7 D7 Bb F Gm"	"Save The Population Tab by Red Hot Chili Peppers - E-Chords"	"cifra/idmusica/25795/keyb/true.htm"
"Dm C G E7/9 Dm C G E7/9 Dm C G E7/9 Dm C G E7/9 Dm C G"	"SAVIOR Tab by Red Hot Chili Peppers - E-Chords"	"cifra/idmusica/59477/keyb/true.htm"
"F C Dm C F C Dm F Dm F Dm F Dm F Dm F Dm F Dm F Dm F Dm F Dm F Dm F Dm F Dm F Dm F Dm F Dm F Dm F Dm F Dm F Dm F Dm"	"Scar Tissue Tab by Red Hot Chili Peppers - E-Chords"	"cifra/idmusica/5666/keyb/true.htm"
"C#m A C#m F# C#m A C#m F# C#m F# C#m A F# F# A E G# C#m A C#m F# C#m A C#m F# C#m F# C#m A F# F# A E G# C#m B A B C#m B A B B A B C#m B A B C#m A C#m F# C#m A E B C#m"	"Search and Destroy Tab by Red Hot Chili Peppers - E-Chords"	"cifra/idmusica/10986/keyb/true.htm"
"F#m A E C#m F#m A E A C G F A C G F A C G F A A C G F A A C G F A C G F#m F#m A E C#m F#m A E F#m F#m A E C#m F#m A E A C G F A C G F F#m A E C#m F#m A E A C G F A C G F#m Am C F Am C F A C G F A C G F A C G F A C G F A C G F A C G F#m F#m A E C#m F#m A E F#m A E C#m F#m A E G#m B F# Ebm G#m B F# Ebm G#m B F# Ebm G#m B F# G#m B F# Ebm"	"She's looks to me ( ver. 2) Tab by Red Hot Chili Peppers - E-Chords"	"cifra/idmusica/97188/keyb/true.htm"
"Gm C Gm C Gm C C Eb Gm F Cm Eb Gm F C Eb Gm F Cm Eb Gm D Gm C Gm C Gm C C Eb Gm F Cm Eb Gm F C Eb Gm F Cm Eb Gm D Cm Eb Bb F C Eb Gm F Cm Eb Gm F C Eb Gm F Cm Eb Gm D"	"She's only 18 Tab by Red Hot Chili Peppers - E-Chords"	"cifra/idmusica/96219/keyb/true.htm"
"A C G F A C G F A C G F A C G F#m A E Bm F#m A E Bm F#m A E Bm F#m A E A C G F A C G F A C G F A C G F#m A E Bm F#m A E Bm F#m A E Bm F#m A E Am C F Am C F A A C G F A C G F A C G F A C G F A C G F#m A E Bm F#m A E Bm F#m A E Bm F#m A E Abm B F# Db Abm B F# Db Abm B F# Db Abm B F# Db Abm B F# Db F#"	"She?s looks to me Tab by Red Hot Chili Peppers - E-Chords"	"cifra/idmusica/92283/keyb/true.htm"
"Bbm C# Eb9 F# Bbm C# Eb9 F# Bbm C# Eb9 F# Bbm C# Eb9 F# Bbm C# Eb9 F# Bbm C# Eb9 F# Bbm C# Eb9 F# Bbm C# Eb9 F# Bbm C# Eb9 F# Bbm C# Eb9 F# C# Eb9 F# C# Eb9 F# C# Eb9 F# C# Eb9 Bbm C# Eb9 F# Bbm C# Eb9 F# Bbm C# Eb9 F# Bbm C# Eb9 F# Bbm C# Eb9 Bbm C# Eb9 F# Bbm C# Eb9 F# Bbm C# Eb9 F# Bbm C# Eb9 F# C Eb9 Eb9"	"Slow cheetah Tab by Red Hot Chili Peppers - E-Chords"	"cifra/idmusica/90915/keyb/true.htm"
"G#m E B F# G#m E B F# G#m E B F# G#m E B F# G#m E B F# G#m E B F# G#m E B F# G#m E B F# G#m E B F# G#m E B F# G#m E B F# G#m E B F# G#m E B F# G#m E B F# G#m E B F# G#m E B F# G#m E B F# E G#m E B F# C#m B F# C#m B F# C#m B F# C#m G#m E B F# G#m E B F# G#m E B F# G#m E B F# G#m E B F# G#m E B F# G#m E B F# G#m E B F# G#m E B F# E G#m E B F# C#m B F# C#m B F# C#m B F# C#m B F# C#m B F# C#m B F# C#m B F# C#m B F# C#m B F# C#m B F# C#m B F# C#m"	"Snow hey oh Tab by Red Hot Chili Peppers - E-Chords"	"cifra/idmusica/90385/keyb/true.htm"
"F#m F#m G#m F#m G#m F#m A D A F#m A E F#m F#m A D A F#m A E A E Bm A E Bm A E Bm A E Bm F#m F#m G#m A E Bm"	"So much I Tab by Red Hot Chili Peppers - E-Chords"	"cifra/idmusica/91874/keyb/true.htm"
"F C Dm Bb Dm F C Bb A F C Dm Bb Dm F C Bb F C Dm Bb Dm F C Bb F C Dm Bb Dm F C Bb F C Dm Bb F C Dm Bb F C Dm Bb Dm F C Bb F C Dm Bb Dm F C Bb F C Dm Bb F C Dm Bb F C Dm Bb Dm F C Bb F C Dm Bb Dm F C Bb F C Dm Bb Dm F C Bb F C Dm Bb Dm F C Bb F C Dm Bb F C Dm Bb F C Dm Bb F C Dm Bb"	"Soul Squeeze Tab by Red Hot Chili Peppers - E-Chords"	"cifra/idmusica/31458/keyb/true.htm"
""	"Soul To Squeeze Tab by Red Hot Chili Peppers - E-Chords"	"cifra/idmusica/10988/keyb/true.htm"
"D7/9+"	"Special Secret Song Inside Tab by Red Hot Chili Peppers - E-Chords"	"cifra/idmusica/10989/keyb/true.htm"
"F#m A F#m A E F#m A F#m A E F#m A F#m A E Bm D A E Bm D A E F#m F#m A F#m A E F#m A F#m A E F#m A E F#m A E F#m G#m Bm C#m D F#m G#m C#m Bm F#m A F#m A E F#m A F#m A E Bm D A E"	"Stadium arcadium Tab by Red Hot Chili Peppers - E-Chords"	"cifra/idmusica/91172/keyb/true.htm"
"Gm Gm Gm Gm Gm Gm F#m Gm F#m C Bb F G C Bb F G C Bb F G C Bb D Gm F Gm F Gm F Gm Gm Gm Gm"	"storm in teacup Tab by Red Hot Chili Peppers - E-Chords"	"cifra/idmusica/99423/keyb/true.htm"
"Am Em F C Dm Am C G Am Em F C Dm Am C G Am Em F C Dm Am C G Am C Am Am G F Am G F Am G F Am Em F C Dm Am C G Am Em F C Dm Am C G Am Em F C Dm Am C G Am C Am Am G F Am G F Am G F Am Em F C Dm Am C G Am Em F C Dm Am C G Am C Am Am G F Am G F Am G F Am G F"	"Strip My Mind Tab by Red Hot Chili Peppers - E-Chords"	"cifra/idmusica/92852/keyb/true.htm"
"C G Am C G Am C G Am C G Am C G Am C/B Am G F Em Dm G C C/B Am G F Em Dm G Am Am Am Am C"	"Tear-simpliest but better version of solo Tab by Red Hot Chili Peppers - E-Chords"	"cifra/idmusica/94201/keyb/true.htm"
"D Amaj7 G A D C#m Bm D Amaj7 G A D C#m Bm D Amaj7 G A D C#m Bm Amaj7 A Bb D Amaj7 G A D C#m Bm D Amaj7 G A D C#m Bm C Em C Em C Em F#m Em F#m Amaj7 A Bb Amaj7 A D Amaj7 G A D C#m Bm D Amaj7 G A D C#m Bm C Em C Em C Em F#m Em F#m Amaj7 A Bb Amaj7 A Bb C D"	"Tearjerker Tab by Red Hot Chili Peppers - E-Chords"	"cifra/idmusica/10959/keyb/true.htm"
"D F#m G A D F#m Bm D F#m G A D F#m Bm A A Bb A A Bb A A C Em C Em C Em F#m Em F#m A A Bb A A Bb A A A A Bb A A Bb A A D F#m G A D F#m Bm D Bb C D Bb C D Bb G D Bb C D"	"Tearjerker (ver. 2) Tab by Red Hot Chili Peppers - E-Chords"	"cifra/idmusica/97155/keyb/true.htm"
""	"Teenager in love Tab by Red Hot Chili Peppers - E-Chords"	"cifra/idmusica/27310/keyb/true.htm"
"C Am F G C Am F G C Am F G C Am F G C G F Em Dm C Am F G C Am F G C Am F G C G F Em Dm F G F G F G F G F Em Dm C Am F G C Am F G C Am F G C G F Em Dm F G F G F G F G F Em Dm C Am F G C Am F G C Am F G C G F Em Dm C Am F G C Am F G C Am F G"	"Teenager In Love (ver. 2) Tab by Red Hot Chili Peppers - E-Chords"	"cifra/idmusica/68969/keyb/true.htm"
"F C G Am F C G Dm F C G Am F C G Dm F C G Am F C G Dm F C G Am F C G Am"	"Tell Me Baby Tab by Red Hot Chili Peppers - E-Chords"	"cifra/idmusica/91355/keyb/true.htm"
"F C G Dm F C G Dm F C G Dm F C G Dm F C G Dm F C G Dm F C G Dm F C G Dm"	"Tell me baby (ver. 2) Tab by Red Hot Chili Peppers - E-Chords"	"cifra/idmusica/96590/keyb/true.htm"
"Gm A Gm A Gm A Gm A Gm A A7 Gm A Gm A Gm A Gm A A7 A C D A C D A C D A C D A C D A C D A C D A C D A C D A C D A C D A C D B D E B D E A C D A C D"	"The Greeting Song Tab by Red Hot Chili Peppers - E-Chords"	"cifra/idmusica/10943/keyb/true.htm"
"Am Em Am Em Am Em G Am Am Em Am Em Am Em G Am G Am G Am Am F C G Am F C G Am F C G Am Em Am Em Am Em G Am Am Em Am Em Am Em G Am G Am G Am Am F C G Am C G Am F C G E C E C E C E C Am F C G F C G Am F C G Am"	"The Otherside Tab by Red Hot Chili Peppers - E-Chords"	"cifra/idmusica/89289/keyb/true.htm"
"Am G Em F Am G Em F Am G Em F Am G Em F Am G Em F D G A D G A Am G Em F Am G Em F Am G Em F D G A G A D G A Am G Em F D G A D G A D G A G A D G A"	"The Zephyr Song Tab by Red Hot Chili Peppers - E-Chords"	"cifra/idmusica/6427/keyb/true.htm"
"Am7 G7 Em F Am G Em Fmaj7 Am7 G7 Em7 Fmaj7 Am G Em F Am G Em F D G A D G A Am G Em F D G A D G A"	"The Zephyr Song (ver. 2) Tab by Red Hot Chili Peppers - E-Chords"	"cifra/idmusica/110669/keyb/true.htm"
"Dm C Bb Dm C Bb Dm Am C Am Dm C Bb Dm Am C Am Dm C Bb"	"This Velvet Glove Tab by Red Hot Chili Peppers - E-Chords"	"cifra/idmusica/10973/keyb/true.htm"
"Am E Am E Am E Am E Am E Am E Am E Am E Am Am E Am E Am E Am Am E Am E Am E Am Am E Am E Am E G F Am E Am E Am E Am E Am E Am E Am E Am E Am E Am Am E G D Am E Am E Am E Am E Am E"	"Throw Away Your Television Tab by Red Hot Chili Peppers - E-Chords"	"cifra/idmusica/10907/keyb/true.htm"
"F C Dm F C Dm Em F C Dm Em F C Dm Em F C Dm F C Dm Em F C Dm Em F C Dm Em F C Dm"	"Tiny Dancer Tab by Red Hot Chili Peppers - E-Chords"	"cifra/idmusica/54946/keyb/true.htm"
"Bbm F# Bbm F# Bbm F# Bbm F# Bbm C# F# Bbm C# F# Bbm F# Bbm F# Bbm F# C# C# C# C# Bbm F#"	"Torture me Tab by Red Hot Chili Peppers - E-Chords"	"cifra/idmusica/96401/keyb/true.htm"
"F#m E F#m A F#m E F#m E F#m E F#m B F#m A E F#m E F#m A F#m E F#m A F#m F#m E B F#m E F#m A F#m E F#m E F#m F#m E F#m A F#m E F#m A F#m F#m E B G#m E G#m E G#m E B E B E F#m"	"Transceding Tab by Red Hot Chili Peppers - E-Chords"	"cifra/idmusica/97387/keyb/true.htm"
"D F# D F# D F# D F# E B C#m G#m A E B C#m A E B C#m G#m A E B C#m A E7+ E B C#m G#m A E B C#m A E B C#m G#m A E B C#m A E7+ F#m E B F#m F#m E B F#m F#m E B F#m F#m E B F#m E B C#m B A E B C#m A E B C#m G#m A E B C#m A E B C#m G#m A E B Cm A E7+ F#m E B F#m F#m E B F#m F#m E B F#m F#m E B F#m A C G6 F7+ A C G6 F7+ A C G6 F7+ F7+ E7 G A C G6 F7+ A C G6 F7+ A C G6 F7+ A C G6 F7+ A C G6 F7+ A C G6 F7+ A C G6 F7+ A C G6 F7+"	"Under the Bridge Tab by Red Hot Chili Peppers - E-Chords"	"cifra/idmusica/5667/keyb/true.htm"
"D F# D F# E B C#m A E B C#m A E B C#m A E B C#m A E E B C#m A E B C#m A E B C#m A E B C#m A E F#m E B F#m F#m E B F#m E B C#m A E B C#m A E B C#m A E B C#m A E B C#m A E A C G F F E G A C G F A Am G F A Am G F A Am G F A C G F A Am G F"	"Under The Bridge (ver. 2) Tab by Red Hot Chili Peppers - E-Chords"	"cifra/idmusica/25804/keyb/true.htm"
"D G D G D D G D A A7 G Bb D G"	"Universal Speaking Tab by Red Hot Chili Peppers - E-Chords"	"cifra/idmusica/140692/keyb/true.htm"
"D Em7 D Em7 D Em7 D Em7 D Em7 D Em7 D Em7 D A Amaj7 G Bm A Amaj7 G Bm F#m7/b5 B7+ D Em7 D Em7 D"	"Universally Speaking Tab by Red Hot Chili Peppers - E-Chords"	"cifra/idmusica/10197/keyb/true.htm"
"C Em G C Em G C Em G C Em G A G A G A F G C Em G C Em"	"Usually Just At Shirt Tab by Red Hot Chili Peppers - E-Chords"	"cifra/idmusica/152072/keyb/true.htm"
"Am F G Am Am Am Am F G Am Am Am Am F G Am Am Am Am F G Am Am Am Am F G Am G Am G Am G Am G Am C G Dm G D C G D C G Dm G D C G D C G Dm G D C G D C G Dm G D C G D"	"Venice Queen (Ver. 2) Tab by Red Hot Chili Peppers - E-Chords"	"cifra/idmusica/43529/keyb/true.htm"
"A D G F A D F#m G/B"	"Walking the Morning Tab by Red Hot Chili Peppers - E-Chords"	"cifra/idmusica/56381/keyb/true.htm"
"Em Em Em7 Em Em7 Em C Am G D Em C Am G D Em Em7 Em Em7 C G C Em B Em Em7"	"Warlocks Tab by Red Hot Chili Peppers - E-Chords"	"cifra/idmusica/93381/keyb/true.htm"
"B D#5 C# E5 B D#5 C# E5 B D#5 C# E5 B D#5 C# E5 Em G5 Cadd9 Em G5 Cadd9 Em G5 Cadd9 D Dsus4 D C7/#11 Csus2 E B E B C#m(add9) C#m(add11) E B E B C#m(add9) E B E B E B E B B D#5 C# E5 B D#5 C# E5 B D#5 C# E5 B Bmaj7"	"Warm Tape Tab by Red Hot Chili Peppers - E-Chords"	"cifra/idmusica/10910/keyb/true.htm"
"Em Bm Em Bm Em Bm Em Bm Em G Am G Em G Am G Em Bm Em Bm Em Bm C D C D Em Bm Em Bm Em Bm Em Bm Em Bm Em Bm Em Bm"	"We believe Tab by Red Hot Chili Peppers - E-Chords"	"cifra/idmusica/93645/keyb/true.htm"
"G D Em Bm G D Em Bm G D Em Bm G D Em Bm Em G D Em Em G D Em Em G D Em Em G D E C E E C E E C E E E F# G#m E F# G#m E F# G#m F# E Eb E F# G#m F# E E F# G#m E F# G#m E F# G#m F# G#m G#m Ebm Emaj7 G#m Ebm Emaj7 G#m Ebm Emaj7 Ebm G#m"	"Wet sand Tab by Red Hot Chili Peppers - E-Chords"	"cifra/idmusica/89689/keyb/true.htm"
